https://massi.pl/pl/umywalki-nablatowe/1705-umywalka-nablatowa-okragla-czerwona-44-cm-uno-2-wine-glow-5905488480748.html	Umywalka nablatowa okrągła czerwona 44 cm UNO 2 wine glow	1 899,00 zł	CLASSIC	nablatowa	40-49 cm	44 cm	17 cm	13,5 cm	44 cm	ceramika	okrągła	różowy	połysk	tak	EASY CLEAN	do samodzielnego montażu	w komplecie	nie	bez otworu na baterię	5 lat (możliwość przedłużenia gwarancji do 10 lat)	5905488488850	należy dokupić osobno					
https://massi.pl/pl/umywalki-nablatowe/1704-umywalka-nablatowa-okragla-niebieska-44-cm-uno-2-night-glow-5905488480694.html	Umywalka nablatowa okrągła niebieska 44 cm UNO 2 night glow	1 899,00 zł	MAGIA KOLORÓW	nablatowa	40-49 cm	44 cm	17 cm	13,5 cm	44	ceramika	okrągła	różowy	połysk	tak	EASY CLEAN	do samodzielnego montażu	w komplecie	nie	bez otworu na baterię	5 lat (możliwość przedłużenia gwarancji do 10 lat)	5905488488812	należy dokupić osobno					
https://massi.pl/pl/umywalki-nablatowe/1703-umywalka-nablatowa-okragla-szara-44-cm-uno-2-silver-glow-5905488480724.html	Umywalka nablatowa okrągła szara 44 cm UNO 2 silver glow	1 899,00 zł	UNO	nablatowa	40-49 cm		17 cm	13,5 cm	44	ceramika	okrągła	szary	połysk	tak	EASY CLEAN	do samodzielnego montażu	w komplecie	nie	bez otworu na baterię	5 lat (możliwość przedłużenia gwarancji do 10 lat)	5905488488836	należy dokupić osobno					
https://massi.pl/pl/umywalki-nablatowe/1702-umywalka-nablatowa-okragla-zolta-44-cm-uno-2-sunny-glow-5905488480731.html	Umywalka nablatowa okrągła żółta 44 cm UNO 2 sunny glow	1 899,00 zł	CLASSIC	nablatowa	40-49 cm	44 cm	17	13,5 cm	44	ceramika	okrągła	zółty	połysk	tak	EASY CLEAN	do samodzielnego montażu	w komplecie	nie	bez otworu na baterię	5 lat (możliwość przedłużenia gwarancji do 10 lat)	5905488488843	należy dokupić osobno					
https://massi.pl/pl/umywalki-nablatowe/1701-umywalka-nablatowa-okragla-rozowa-44-cm-uno-2-nude-glow-5905488480700.html	Umywalka nablatowa okrągła różowa 44 cm UNO 2 nude glow	1 899,00 zł	CLASSIC	nablatowa	40-49 cm	44 cm	17 cm	13,5 cm	44	ceramika	okrągła	różowy	połysk	tak	EASY CLEAN	do samodzielnego montażu	w komplecie	nie	bez otworu na baterię	5 lat (możliwość przedłużenia gwarancji do 10 lat)	5905488488829	należy dokupić osobno					
https://massi.pl/pl/umywalki-nablatowe/1699-umywalka-nablatowa-okragla-zielona-44-cm-uno-1-forest-glow-5905488480700.html	Umywalka nablatowa okrągła zielona 44 cm UNO 1 forest glow	1 899,00 zł	CLASSIC	nablatowa	40-49 cm	44 cm	22 cm	18,5 cm	44	ceramika	okrągła	zielony	połysk	tak	EASY CLEAN	do samodzielnego montażu	w komplecie	nie	bez otworu na baterię	5 lat (możliwość przedłużenia gwarancji do 10 lat)	5905488488867	należy dokupić osobno					
https://massi.pl/pl/umywalki-nablatowe/1698-umywalka-nablatowa-okragla-czerwona-44-cm-uno-1-wine-glow-5905488480700.html	Umywalka nablatowa okrągła czerwona 44 cm UNO 1 wine glow	1 899,00 zł	CLASSIC	nablatowa	40-49 cm	44 cm	22 cm	18,5 cm	44	ceramika	okrągła	czerwony	połysk	tak	EASY CLEAN	do samodzielnego montażu	w komplecie	nie	bez otworu na baterię	5 lat (możliwość przedłużenia gwarancji do 10 lat)	5905488488911	należy dokupić osobno					
https://massi.pl/pl/umywalki-nablatowe/1697-umywalka-nablatowa-okragla-niebieska-44-cm-uno-1-night-glow-5905488480700.html	Umywalka nablatowa okrągła niebieska 44 cm UNO 1 night glow	1 899,00 zł	CLASSIC	nablatowa	40-49 cm	44 cm	22 cm	18,5 cm	44	ceramika	okrągła	niebieski	połysk	tak	EASY CLEAN	do samodzielnego montażu	w komplecie	nie	bez otworu na baterię	5 lat (możliwość przedłużenia gwarancji do 10 lat)	5905488488874	należy dokupić osobno					
https://massi.pl/pl/umywalki-nablatowe/1696-umywalka-nablatowa-okragla-szara-44-cm-uno-1-silver-glow-5905488480700.html	Umywalka nablatowa okrągła szara 44 cm UNO 1 silver glow	1 899,00 zł	CLASSIC	nablatowa	40-49 cm	44 cm	22 cm	18,5 cm	44	ceramika	okrągła	szary	połysk	tak	EASY CLEAN	do samodzielnego montażu	w komplecie	nie	bez otworu na baterię	5 lat (możliwość przedłużenia gwarancji do 10 lat)	5905488488898	należy dokupić osobno					
https://massi.pl/pl/umywalki-nablatowe/1695-umywalka-nablatowa-okragla-zolta-44-cm-uno-1-sunny-glow-5905488480700.html	Umywalka nablatowa okrągła żółta 44 cm UNO 1 sunny glow	1 899,00 zł	CLASSIC	nablatowa	40-49 cm	44 cm	22 cm	18,5 cm	44	ceramika	okrągła	zółty	połysk	tak	EASY CLEAN	do samodzielnego montażu	w komplecie	nie	bez otworu na baterię	5 lat (możliwość przedłużenia gwarancji do 10 lat)	5905488488904	należy dokupić osobno					
https://massi.pl/pl/umywalki-nablatowe/1694-umywalka-nablatowa-okragla-rozowa-44-cm-uno-1-nude-glow-5905488480700.html	Umywalka nablatowa okrągła różowa 44 cm UNO 1 nude glow	1 899,00 zł	CLASSIC	nablatowa	40-49 cm	44 cm	22 cm	18,5 cm	44	ceramika	okrągła	beżowy	połysk	tak	EASY CLEAN	do samodzielnego montażu	w komplecie	nie	bez otworu na baterię	5 lat (możliwość przedłużenia gwarancji do 10 lat)	5905488488881	należy dokupić osobno					
https://massi.pl/pl/umywalki-nablatowe/1627-umywalka-nablatowa-wiszaca-100-x-47-cm-sanya-slim-5905488484241.html	Umywalka nablatowa / wisząca 100 x 47 cm SANYA Slim	670,00 zł	SIMPLE	nablatowa	100-109 cm	100 cm	13,5 cm			ceramika	prostokątna	biały	połysk	tak	EASY CLEAN			nie	z otworem na baterię	5 lat (możliwość przedłużenia gwarancji do 10 lat)		należy dokupić osobno	47 cm				
https://massi.pl/pl/umywalki-nablatowe/1626-umywalka-nablatowa-wiszaca-80-x-47-cm-sanya-slim-5905488484289.html	Umywalka nablatowa / wisząca 80 x 47 cm SANYA Slim	569,00 zł	SIMPLE	nablatowa	80-89 cm	80 cm	13,5 cm			ceramika	prostokątna	biały	połysk	tak	EASY CLEAN			nie	z otworem na baterię	5 lat (możliwość przedłużenia gwarancji do 10 lat)		należy dokupić osobno	47 cm				
https://massi.pl/pl/umywalki-nablatowe/1625-umywalka-nablatowa-wiszaca-60-x-42-cm-sanya-slim-5905488484272.html	Umywalka nablatowa / wisząca 60 x 42 cm SANYA Slim	449,00 zł	SIMPLE	nablatowa	60-69 cm	60 cm	13,5 cm			ceramika	prostokątna	biały	połysk	tak	EASY CLEAN			tak	z otworem na baterię	5 lat (możliwość przedłużenia gwarancji do 10 lat)		należy dokupić osobno	42 cm				
https://massi.pl/pl/umywalki-nablatowe/1624-umywalka-nablatowa-wiszaca-50-x-42-cm-sanya-slim-5905488484265.html	Umywalka nablatowa / wisząca 50 x 42 cm SANYA Slim	349,00 zł	SIMPLE	nablatowa	50-59 cm	50 cm	13,5 cm			ceramika	prostokątna	biały	połysk	tak	EASY CLEAN			tak	z otworem na baterię	5 lat (możliwość przedłużenia gwarancji do 10 lat)		należy dokupić osobno	42 cm				
https://massi.pl/pl/umywalki-nablatowe/1623-umywalka-nablatowa-wiszaca-42-x-42-cm-sanya-slim-5905488484258.html	Umywalka nablatowa / wisząca 42 x 42 cm SANYA Slim	305,00 zł	SIMPLE	nablatowa	40-49 cm	42 cm	13,5 cm			ceramika	kwadratowa	biały	połysk	tak	EASY CLEAN			tak	z otworem na baterię	5 lat (możliwość przedłużenia gwarancji do 10 lat)		należy dokupić osobno	42 cm				
https://massi.pl/pl/umywalki-nablatowe/1622-umywalka-nablatowa-wiszaca-38-x-25-cm-trenton-slim-5905488484296.html	Umywalka nablatowa / wisząca 38 x 25 cm TRENTON Slim	269,00 zł	SIMPLE	nablatowa		38 cm	11 cm			ceramika	prostokątna	biały	połysk	tak	EASY CLEAN			nie	z otworem na baterię	5 lat (możliwość przedłużenia gwarancji do 10 lat)		należy dokupić osobno	25 cm				
https://massi.pl/pl/umywalki-nablatowe/1621-umywalka-nablatowa-prostokatna-60-x-46-cm-arvete-slim-5905488484302.html	Umywalka nablatowa prostokątna 60 x 46 cm ARVETE Slim	299,00 zł	SIMPLE	nablatowa	60-69 cm	60 cm	19,5 cm			ceramika	owalna	biały	połysk	tak	EASY CLEAN			tak	z otworem na baterię	5 lat (możliwość przedłużenia gwarancji do 10 lat)		należy dokupić osobno	46,5 cm				
https://massi.pl/pl/umywalki-nablatowe/1620-umywalka-nablatowa-owalna-czarna-80-x-40-cm-guarda-slim-black-5905488484340.html	Umywalka nablatowa owalna czarna 80 x 40 cm GUARDA Slim Black	590,00 zł	SIMPLE	nablatowa	80-89 cm	80 cm	13,5 cm			ceramika	owalna	czarny	półmat	tak	EASY CLEAN			nie	z otworem na baterię	5 lat (możliwość przedłużenia gwarancji do 10 lat)		należy dokupić osobno	40 cm				
https://massi.pl/pl/umywalki-nablatowe/1619-umywalka-nablatowa-owalna-80-x-40-cm-guarda-slim-5905488484357.html	Umywalka nablatowa owalna 80 x 40 cm GUARDA Slim	449,00 zł	SIMPLE	nablatowa	80-89 cm	80 cm	13,5 cm			ceramika	owalna	biały	połysk	tak	EASY CLEAN			nie	z otworem na baterię	5 lat (możliwość przedłużenia gwarancji do 10 lat)		należy dokupić osobno	40 cm				
https://massi.pl/pl/umywalki-nablatowe/1618-umywalka-nablatowa-owalna-czarna-60-x-41-cm-guarda-slim-black-5905488484333.html	Umywalka nablatowa owalna czarna 60 x 41 cm GUARDA Slim Black	430,00 zł	SIMPLE	nablatowa	60-69 cm	60 cm	13,5 cm			ceramika	owalna	czarny	półmat	tak	EASY CLEAN			nie	z otworem na baterię	5 lat (możliwość przedłużenia gwarancji do 10 lat)			41,5 cm				
https://massi.pl/pl/umywalki-nablatowe/1617-umywalka-nablatowa-owalna-60-x-41-cm-guarda-slim-5905488484333.html	Umywalka nablatowa owalna 60 x 41 cm GUARDA Slim	330,00 zł	SIMPLE	nablatowa	60-69 cm	60 cm	13,5 cm			ceramika	owalna	biały	połysk	tak	EASY CLEAN			nie	z otworem na baterię	5 lat (możliwość przedłużenia gwarancji do 10 lat)			41,5 cm				
https://massi.pl/pl/umywalki-nablatowe/1616-umywalka-nablatowa-owalna-42-x-26-cm-tumi-slim-5905488484319.html	Umywalka nablatowa owalna 42 x 26 cm TUMI Slim	279,00 zł	SIMPLE	nablatowa	40-49 cm	42 cm	13,5 cm			ceramika	owalna	biały	połysk	tak	EASY CLEAN			nie	z otworem na baterię	5 lat (możliwość przedłużenia gwarancji do 10 lat)			26 cm				
https://massi.pl/pl/umywalki-nablatowe/1614-umywalka-nablatowa-owalna-czarna-60-x-41-cm-virve-slim-black-5905488484364.html	Umywalka nablatowa owalna czarna 60 x 41 cm VIRVE Slim black	440,00 zł	SIMPLE	nablatowa	60-69 cm	60 cm	14 cm			ceramika	owalna	czarny	półmat	tak	EASY CLEAN			nie		5 lat (możliwość przedłużenia gwarancji do 10 lat)			41 cm				
https://massi.pl/pl/umywalki-nablatowe/1613-umywalka-nablatowa-owalna-60-x-41-cm-virve-slim-5905488484371.html	Umywalka nablatowa owalna 60 x 41 cm VIRVE Slim	339,00 zł	SIMPLE	nablatowa	60-69 cm	60 cm	14 cm			ceramika	owalna	biały	połysk	tak	EASY CLEAN			nie		5 lat (możliwość przedłużenia gwarancji do 10 lat)			41 cm				
https://massi.pl/pl/umywalki-nablatowe/1601-umywalka-nablatowawiszaca-czarna-120x45-cm-lera-black-5905488484586.html	Umywalka nablatowa/wisząca czarna 120x45 cm LERA black	1 599,00 zł	MAGIA KOLORÓW	nablatowa	110-120 cm		13	10 cm		ceramika	prostokątna	czarny	półmat					tak	z otworem na baterię	5 lat (możliwość przedłużenia gwarancji do 10 lat)	5905488484586		45 cm	LERA	120 cm		
https://massi.pl/pl/umywalki-nablatowe/1600-umywalka-nablatowawiszaca-czarna-100x45-cm-lera-black-5905488484548.html	Umywalka nablatowa/wisząca czarna 100x45 cm LERA black	1 499,00 zł	MAGIA KOLORÓW	wisząca	100-109 cm		13	10 cm		ceramika	prostokątna	czarny	półmat					tak	z otworem na baterię	5 lat (możliwość przedłużenia gwarancji do 10 lat)	5905488484548		45 cm	LERA	100 cm		
https://massi.pl/pl/umywalki-nablatowe/1599-umywalka-nablatowawiszaca-czarna-80x45-cm-lera-black-5905488484869.html	Umywalka nablatowa/wisząca czarna 80x45 cm LERA black	1 299,00 zł	MAGIA KOLORÓW	nablatowa	80-89 cm		13	10 cm		ceramika	prostokątna	czarny	półmat					tak	z otworem na baterię	5 lat (możliwość przedłużenia gwarancji do 10 lat)	5905488484869	należy dokupić osobno	45 cm	LERA	80 cm		
https://massi.pl/pl/umywalki-nablatowe/1598-umywalka-nablatowawiszaca-czarna-60x45-cm-lera-black-5905488484784.html	Umywalka nablatowa/wisząca czarna 60x45 cm LERA black	1 199,00 zł	MAGIA KOLORÓW	nablatowa	60-69 cm		13	10 cm		ceramika	prostokątna	czarny	półmat					tak	z otworem na baterię	5 lat (możliwość przedłużenia gwarancji do 10 lat)	5905488484784	należy dokupić osobno	45 cm	LERA	60 cm		
https://massi.pl/pl/umywalki-nablatowe/1597-umywalka-nablatowawiszaca-czarna-55x45-cm-lera-black-5905488484746.html	Umywalka nablatowa/wisząca czarna 55x45 cm LERA black	899,00 zł	MAGIA KOLORÓW	nablatowa	50-59 cm		13	10 cm		ceramika	prostokątna	czarny	półmat					tak	z otworem na baterię	5 lat (możliwość przedłużenia gwarancji do 10 lat)	5905488484746	należy dokupić osobno	45 cm	LERA	55 cm		
https://massi.pl/pl/umywalki-nablatowe/1596-umywalka-nablatowawiszaca-czarna-50x38-cm-lera-black-5905488484623.html	Umywalka nablatowa/wisząca czarna 50x38 cm LERA black	799,00 zł	MAGIA KOLORÓW	wisząca	50-59 cm		13	10 cm		ceramika	prostokątna	czarny	półmat					tak	z otworem na baterię	5 lat (możliwość przedłużenia gwarancji do 10 lat)	5905488484623	należy dokupić osobno	38 cm	LERA	50 cm		
https://massi.pl/pl/umywalki-nablatowe/1595-umywalka-nablatowa-czarna-60x42-cm-lera-black-5905488484821.html	Umywalka nablatowa czarna 60x42 cm LERA black	790,00 zł	MAGIA KOLORÓW	nablatowa	60-69 cm		11	8,5 cm		ceramika	prostokątna	czarny	półmat					nie	z otworem na baterię	5 lat (możliwość przedłużenia gwarancji do 10 lat)	5905488484821	należy dokupić osobno	42 cm	LERA	60 cm		
https://massi.pl/pl/umywalki-nablatowe/1594-umywalka-nablatowa-czarna-50x35-cm-lera-black-5905488484708.html	Umywalka nablatowa czarna 50x35 cm LERA black	790,00 zł	MAGIA KOLORÓW	nablatowa	50-59 cm		11	8,5 cm		ceramika	prostokątna	czarny	półmat					nie	z otworem na baterię	5 lat (możliwość przedłużenia gwarancji do 10 lat)	5905488484708	należy dokupić osobno	35 cm	LERA	50 cm		
https://massi.pl/pl/umywalki-nablatowe/1593-umywalka-nablatowa-czarna-50x35-cm-lera-black-5905488484661.html	Umywalka nablatowa czarna 50x35 cm LERA black	790,00 zł	MAGIA KOLORÓW	nablatowa	50-59 cm		11	8,5 cm		ceramika	prostokątna	czarny	półmat					nie	bez otworu na baterię	5 lat (możliwość przedłużenia gwarancji do 10 lat)	5905488484661	należy dokupić osobno	35 cm	LERA	50 cm		
https://massi.pl/pl/umywalki-nablatowe/1591-umywalka-nablatowawiszaca-brazowa-120x45-cm-lera-taupe-5905488484616.html	Umywalka nablatowa/wisząca brązowa 120x45 cm LERA taupe	1 599,00 zł	MAGIA KOLORÓW	nablatowa	110-120 cm		13	10 cm		ceramika	prostokątna	brązowy	półmat					tak	z otworem na baterię	5 lat (możliwość przedłużenia gwarancji do 10 lat)	5905488484616	należy dokupić osobno	45 cm	LERA	120 cm		
https://massi.pl/pl/umywalki-nablatowe/1590-umywalka-nablatowawiszaca-brazowa-100x45-cm-lera-taupe-5905488484579.html	Umywalka nablatowa/wisząca brązowa 100x45 cm LERA taupe	1 499,00 zł	MAGIA KOLORÓW	nablatowa	100-109 cm		13	10 cm		ceramika	prostokątna	brązowy	półmat					tak	z otworem na baterię	5 lat (możliwość przedłużenia gwarancji do 10 lat)	5905488484579	należy dokupić osobno	45 cm	LERA	100 cm		
https://massi.pl/pl/umywalki-nablatowe/1589-umywalka-nablatowawiszaca-brazowa-80x45-cm-lera-taupe-5905488484890.html	Umywalka nablatowa/wisząca brązowa 80x45 cm LERA taupe	1 299,00 zł	MAGIA KOLORÓW	nablatowa	80-89 cm		13	10 cm		ceramika	prostokątna	brązowy	półmat					tak	z otworem na baterię	5 lat (możliwość przedłużenia gwarancji do 10 lat)	5905488484890	należy dokupić osobno	45 cm	LERA	80 cm		
https://massi.pl/pl/umywalki-nablatowe/1588-umywalka-nablatowawiszaca-brazowa-60x45-cm-lera-taupe-5905488484814.html	Umywalka nablatowa/wisząca brązowa 60x45 cm LERA taupe	1 199,00 zł	MAGIA KOLORÓW	nablatowa	60-69 cm		13	10 cm		ceramika	prostokątna	brązowy	półmat					tak	z otworem na baterię	5 lat (możliwość przedłużenia gwarancji do 10 lat)	5905488484814	należy dokupić osobno	45 cm	LERA	60 cm		
https://massi.pl/pl/umywalki-nablatowe/1587-umywalka-nablatowawiszaca-brazowa-55x45-cm-lera-taupe-5905488484777.html	Umywalka nablatowa/wisząca brązowa 55x45 cm LERA taupe	899,00 zł	MAGIA KOLORÓW	nablatowa	50-59 cm		13	10 cm		ceramika	prostokątna	brązowy	półmat					tak	z otworem na baterię	5 lat (możliwość przedłużenia gwarancji do 10 lat)	5905488484777	należy dokupić osobno	45 cm	LERA	55 cm		
https://massi.pl/pl/umywalki-nablatowe/1586-umywalka-nablatowawiszaca-brazowa-50x38-cm-lera-taupe-5905488484654.html	Umywalka nablatowa/wisząca brązowa 50x38 cm LERA taupe	799,00 zł	MAGIA KOLORÓW	nablatowa	50-59 cm		13	10 cm		ceramika	prostokątna	brązowy	półmat					tak	z otworem na baterię	5 lat (możliwość przedłużenia gwarancji do 10 lat)	5905488484654	należy dokupić osobno	38 cm	LERA	50 cm		
https://massi.pl/pl/umywalki-nablatowe/1585-umywalka-nablatowa-brazowa-60x42-cm-lera-taupe-5905488484852.html	Umywalka nablatowa brązowa 60x42 cm LERA taupe	790,00 zł	MAGIA KOLORÓW	nablatowa	60-69 cm		11	8,5 cm		ceramika	prostokątna	brązowy	półmat					nie	z otworem na baterię	5 lat (możliwość przedłużenia gwarancji do 10 lat)	5905488484852	należy dokupić osobno	42 cm	LERA	60 cm		
https://massi.pl/pl/umywalki-nablatowe/1584-umywalka-nablatowa-brazowa-50x35-cm-lera-taupe-5905488484739.html	Umywalka nablatowa brązowa 50x35 cm LERA taupe	790,00 zł	MAGIA KOLORÓW	nablatowa	50-59 cm		11	8,5 cm		ceramika	prostokątna	brązowy	półmat					nie	z otworem na baterię	5 lat (możliwość przedłużenia gwarancji do 10 lat)	5905488484739	należy dokupić osobno	35 cm	LERA	50 cm		
https://massi.pl/pl/umywalki-nablatowe/1583-umywalka-nablatowa-brazowa-50x35-cm-lera-taupe-5905488484692.html	Umywalka nablatowa brązowa 50x35 cm LERA taupe	790,00 zł	MAGIA KOLORÓW	nablatowa	50-59 cm		11	8,5 cm		ceramika	prostokątna	brązowy	półmat					nie	bez otworu na baterię	5 lat (możliwość przedłużenia gwarancji do 10 lat)	5905488484692	należy dokupić osobno	35 cm	LERA	50 cm		
https://massi.pl/pl/umywalki-nablatowe/1581-umywalka-nablatowawiszaca-rozowa-120x45-cm-lera-pink-5905488484609.html	Umywalka nablatowa/wisząca różowa 120x45 cm LERA pink	1 599,00 zł	MAGIA KOLORÓW	nablatowa	110-120 cm		13	10 cm		ceramika	prostokątna	różowy	półmat					tak	z otworem na baterię	5 lat (możliwość przedłużenia gwarancji do 10 lat)	5905488484609	należy dokupić osobno	45 cm	LERA	120 cm		
https://massi.pl/pl/umywalki-nablatowe/1580-umywalka-nablatowawiszaca-rozowa-100x45-cm-lera-pink-5905488484562.html	Umywalka nablatowa/wisząca różowa 100x45 cm LERA pink	1 499,00 zł	MAGIA KOLORÓW	nablatowa	100-109 cm		13	10 cm		ceramika	prostokątna	różowy	półmat					tak	z otworem na baterię	5 lat (możliwość przedłużenia gwarancji do 10 lat)	5905488484562	należy dokupić osobno	45 cm	LERA	100 cm		
https://massi.pl/pl/umywalki-nablatowe/1579-umywalka-nablatowawiszaca-rozowa-80x45-cm-lera-pink-5905488484883.html	Umywalka nablatowa/wisząca różowa 80x45 cm LERA pink	1 299,00 zł	MAGIA KOLORÓW	nablatowa	80-89 cm		13	10 cm		ceramika	prostokątna	różowy	półmat					tak	z otworem na baterię	5 lat (możliwość przedłużenia gwarancji do 10 lat)	5905488484883	należy dokupić osobno	45 cm	LERA	80 cm		
https://massi.pl/pl/umywalki-nablatowe/1578-umywalka-nablatowawiszaca-rozowa-60x45-cm-lera-pink-5905488484807.html	Umywalka nablatowa/wisząca różowa 60x45 cm LERA pink	1 199,00 zł	MAGIA KOLORÓW	nablatowa	60-69 cm		13	10 cm		ceramika	prostokątna	różowy	półmat					tak	z otworem na baterię	5 lat (możliwość przedłużenia gwarancji do 10 lat)	5905488484807	należy dokupić osobno	45 cm	LERA	60 cm		
https://massi.pl/pl/umywalki-nablatowe/1577-umywalka-nablatowawiszaca-rozowa-55x45-cm-lera-pink-5905488484760.html	Umywalka nablatowa/wisząca różowa 55x45 cm LERA pink	899,00 zł	MAGIA KOLORÓW	nablatowa	50-59 cm		13	10 cm		ceramika	prostokątna	różowy	półmat					tak	z otworem na baterię	5 lat (możliwość przedłużenia gwarancji do 10 lat)	5905488484760	należy dokupić osobno	45 cm	LERA	55 cm		
https://massi.pl/pl/umywalki-nablatowe/1576-umywalka-nablatowawiszaca-rozowa-50x38-cm-lera-pink-5905488484647.html	Umywalka nablatowa/wisząca różowa 50x38 cm LERA pink	799,00 zł	MAGIA KOLORÓW	wisząca	50-59 cm		13	10 cm		ceramika	prostokątna	różowy	półmat					tak	z otworem na baterię	5 lat (możliwość przedłużenia gwarancji do 10 lat)	5905488484647	należy dokupić osobno	38 cm	LERA	50 cm		
https://massi.pl/pl/umywalki-nablatowe/1575-umywalka-nablatowa-rozowa-60x42-cm-lera-pink-5905488484845.html	Umywalka nablatowa różowa 60x42 cm LERA pink	790,00 zł	MAGIA KOLORÓW	nablatowa	60-69 cm		11	8,5 cm		ceramika	prostokątna	różowy	półmat					nie	z otworem na baterię	5 lat (możliwość przedłużenia gwarancji do 10 lat)	5905488484845	należy dokupić osobno	42 cm	LERA	60 cm		
https://massi.pl/pl/umywalki-nablatowe/1574-umywalka-nablatowa-rozowa-50x35-cm-lera-pink-5905488484722.html	Umywalka nablatowa różowa 50x35 cm LERA pink	790,00 zł	MAGIA KOLORÓW	nablatowa	50-59 cm		11	8,5 cm		ceramika	prostokątna	różowy	półmat					nie	z otworem na baterię	5 lat (możliwość przedłużenia gwarancji do 10 lat)	5905488484722	należy dokupić osobno	35 cm	LERA	50 cm		
https://massi.pl/pl/umywalki-nablatowe/1573-umywalka-nablatowa-rozowa-50x35-cm-lera-pink-5905488484685.html	Umywalka nablatowa różowa 50x35 cm LERA pink	790,00 zł	MAGIA KOLORÓW	nablatowa	50-59 cm		11	8,5 cm		ceramika	prostokątna	różowy	półmat					nie	bez otworu na baterię	5 lat (możliwość przedłużenia gwarancji do 10 lat)	5905488484685	należy dokupić osobno	35 cm	LERA	50 cm		
https://massi.pl/pl/umywalki-nablatowe/1571-umywalka-nablatowawiszaca-bezowa-120x45-cm-lera-ivory-5905488484593.html	Umywalka nablatowa/wisząca beżowa 120x45 cm LERA ivory	1 599,00 zł	MAGIA KOLORÓW	nablatowa	110-120 cm		13	10 cm		ceramika	prostokątna	beżowy	półmat					tak	z otworem na baterię	5 lat (możliwość przedłużenia gwarancji do 10 lat)	5905488484593	w zestawie	45 cm	LERA	120 cm		
https://massi.pl/pl/umywalki-nablatowe/1570-umywalka-nablatowawiszaca-bezowa-100x45-cm-lera-ivory--5905488484555.html	Umywalka nablatowa/wisząca beżowa 100x45 cm LERA ivory	1 499,00 zł	MAGIA KOLORÓW	nablatowa	100-109 cm		13	10 cm		ceramika	prostokątna	beżowy	półmat					tak	z otworem na baterię	5 lat (możliwość przedłużenia gwarancji do 10 lat)	5905488484555	w zestawie	45 cm	LERA	100 cm		
https://massi.pl/pl/umywalki-nablatowe/1569-umywalka-nablatowawiszaca-bezowa-80x45-cm-lera-ivory--5905488484876.html	Umywalka nablatowa/wisząca beżowa 80x45 cm LERA ivory	1 299,00 zł	MAGIA KOLORÓW	nablatowa	80-89 cm		13	10 cm		ceramika	prostokątna	beżowy	półmat					tak	z otworem na baterię	5 lat (możliwość przedłużenia gwarancji do 10 lat)	5905488484876	w zestawie	45 cm	LERA	80 cm		
https://massi.pl/pl/umywalki-nablatowe/1568-umywalka-nablatowawiszaca-bezowa-60x45-cm-lera-ivory-5905488484791.html	Umywalka nablatowa/wisząca beżowa 60x45 cm LERA ivory	1 199,00 zł	MAGIA KOLORÓW	nablatowa	60-69 cm		13	10 cm		ceramika	prostokątna	beżowy	półmat					tak	z otworem na baterię	5 lat (możliwość przedłużenia gwarancji do 10 lat)	5905488484791	w zestawie	45 cm	LERA	60 cm		
https://massi.pl/pl/umywalki-nablatowe/1567-umywalka-nablatowawiszaca-bezowa-55x45-cm-lera-ivory-5905488484753.html	Umywalka nablatowa/wisząca beżowa 55x45 cm LERA ivory	899,00 zł	MAGIA KOLORÓW	wisząca	50-59 cm		13	10 cm		ceramika	prostokątna	beżowy	półmat					tak	z otworem na baterię	5 lat (możliwość przedłużenia gwarancji do 10 lat)	5905488484753	w zestawie	45 cm	LERA	55 cm		
https://massi.pl/pl/umywalki-nablatowe/1566-umywalka-nablatowawiszaca-bezowa-50x38-cm-lera-ivory--5905488484630.html	Umywalka nablatowa/wisząca beżowa 50x38 cm LERA ivory	799,00 zł	MAGIA KOLORÓW	wisząca	50-59 cm		13	10 cm		ceramika	prostokątna	beżowy	półmat					tak	z otworem na baterię	5 lat (możliwość przedłużenia gwarancji do 10 lat)	5905488484630	w zestawie	38 cm	LERA	50 cm		
https://massi.pl/pl/umywalki-nablatowe/1565-umywalka-nablatowa-bezowa-60x42-cm-lera-ivory--5905488484838.html	Umywalka nablatowa beżowa 60x42 cm LERA ivory	790,00 zł	MAGIA KOLORÓW	nablatowa	60-69 cm		11	8,5 cm		ceramika	prostokątna	beżowy	półmat					nie	z otworem na baterię	5 lat (możliwość przedłużenia gwarancji do 10 lat)	5905488484838	w zestawie	42 cm	LERA	60 cm		
https://massi.pl/pl/umywalki-nablatowe/1564-umywalka-nablatowa-bezowa-50x35-cm-lera-ivory--5905488484678.html	Umywalka nablatowa beżowa 50x35 cm LERA ivory	790,00 zł	MAGIA KOLORÓW	nablatowa	50-59 cm		11	8,5 cm		ceramika	prostokątna	beżowy	półmat					nie	bez otworu na baterię	5 lat (możliwość przedłużenia gwarancji do 10 lat)	5905488484678	w zestawie	35 cm	LERA	50 cm		
https://massi.pl/pl/umywalki-nablatowe/1563-umywalka-nablatowa-bezowa-50x35-cm-lera-ivory-5905488484715.html	Umywalka nablatowa beżowa 50x35 cm LERA ivory	790,00 zł	MAGIA KOLORÓW	nablatowa	50-59 cm		11	8,5 cm		ceramika	prostokątna	beżowy	półmat					nie	z otworem na baterię	5 lat (możliwość przedłużenia gwarancji do 10 lat)	5905488484715	w zestawie	35 cm	LERA	50 cm		
https://massi.pl/pl/umywalki-nablatowe/1399-1207-umywalka-nablatowa-okragla-szara-40-cm-rona-grey-5905488482568.html#/45-wykonczenie-matowe	Umywalka nablatowa okrągła szara 40 cm RONA grey	560,00 zł		nablatowa	40-49 cm	40 cm	12 cm			konglomerat	okrągła	szary	połysk			do samodzielnego montażu		nie	bez otworu na baterię	5 lat	5905488482568	należy dokupić osobno	40 cm			7 kg	wyprodukowano w Polsce
https://massi.pl/pl/umywalki-nablatowe/1398-1205-umywalka-nablatowa-okragla-bezowa-40-cm-rona-beige-5905488482551.html#/45-wykonczenie-matowe	Umywalka nablatowa okrągła beżowa 40 cm RONA beige	560,00 zł		nablatowa	40-49 cm	40 cm	12 cm			konglomerat	okrągła	beżowy	połysk			do samodzielnego montażu		nie	bez otworu na baterię	5 lat	5905488482551	należy dokupić osobno	40 cm			7 kg	wyprodukowano w Polsce
https://massi.pl/pl/umywalki-nablatowe/1393-1196-umywalka-nablatowa-owalna-bezowa-60-x-35-cm-vene-beige-5905488482629.html#/45-wykonczenie-matowe	Umywalka nablatowa owalna beżowa 60 x 35 cm VENE beige	660,00 zł		nablatowa	60-69 cm	60 cm	12 cm	10 cm		konglomerat	owalna	beżowy	połysk			do samodzielnego montażu		nie	bez otworu na baterię	5 lat	5905488482636	należy dokupić osobno	35 cm			7 kg	
https://massi.pl/pl/umywalki-nablatowe/1392-1204-umywalka-nablatowa-owalna-szara-60-x-35-cm-vene-grey-5905488482629.html#/46-wykonczenie-w_polysku	Umywalka nablatowa owalna szara 60 x 35 cm VENE grey	660,00 zł		nablatowa	60-69 cm	60 cm	12 cm	10 cm		konglomerat	owalna	szary	połysk			do samodzielnego montażu		nie	bez otworu na baterię	5 lat	5905488482643	należy dokupić osobno	35 cm			7 kg	
https://massi.pl/pl/umywalki-nablatowe/1390-1209-umywalka-nablatowa-prostokatna-szara-60-x-35-cm-shelo-grey-5905488482605.html#/45-wykonczenie-matowe	Umywalka nablatowa prostokątna szara 60 x 35 cm SHELO grey	720,00 zł		nablatowa	60-69 cm	60 cm	12 cm			konglomerat	prostokątna	szary	połysk			do samodzielnego montażu		nie	bez otworu na baterię	5 lat	5905488482605	należy dokupić osobno	35 cm			7 kg	wyprodukowano w Polsce
https://massi.pl/pl/umywalki-nablatowe/1389-1211-umywalka-nablatowa-prostokatna-bezowa-60-x-35-cm-shelo-beige-5905488482599.html#/45-wykonczenie-matowe	Umywalka nablatowa prostokątna beżowa 60 x 35 cm SHELO beige	720,00 zł		nablatowa	60-69 cm	60 cm	12 cm			konglomerat	prostokątna	beżowy	mat			do samodzielnego montażu		nie	bez otworu na baterię	5 lat	5905488482599	należy dokupić osobno	35 cm			7 kg	wyprodukowano w Polsce
https://massi.pl/pl/umywalki-nablatowe/1386-1213-umywalka-nablatowa-prostokatna-szara-60-x-35-cm-rava-grey-5905488482520.html#/45-wykonczenie-matowe	Umywalka nablatowa prostokątna szara 60 x 35 cm RAVA grey	720,00 zł		nablatowa	60-69 cm	60	12			konglomerat	prostokątna	szary	połysk			do samodzielnego montażu		nie	bez otworu na baterię	5 lat	5905488482520	należy dokupić osobno	35			10	
https://massi.pl/pl/umywalki-nablatowe/1384-1215-umywalka-nablatowa-prostokatna-bezowa-60-x-35-cm-rava-beige-5905488482513.html#/45-wykonczenie-matowe	Umywalka nablatowa prostokątna beżowa 60 x 35 cm RAVA beige	720,00 zł		nablatowa	60-69 cm	60	12			konglomerat	prostokątna	beżowy	mat			do samodzielnego montażu		nie	bez otworu na baterię	5 lat	5905488482513	należy dokupić osobno	35			10	
https://massi.pl/pl/umywalki-nablatowe/1382-1217-umywalka-nablatowa-okragla-szara-40-cm-prisma-grey-5905488482469.html#/45-wykonczenie-matowe	Umywalka nablatowa okrągła szara 40 cm PRISMA grey	560,00 zł		nablatowa	40-49 cm	41	13,5		41	konglomerat	okrągła	szary	połysk			do samodzielnego montażu		nie	bez otworu na baterię	5 lat	5905488482469	należy dokupić osobno	41				
https://massi.pl/pl/umywalki-nablatowe/1380-1219-umywalka-nablatowa-okragla-bezowa-40-cm-prisma-beige-5905488482452.html#/45-wykonczenie-matowe	Umywalka nablatowa okrągła beżowa 40 cm PRISMA beige	560,00 zł		nablatowa	40-49 cm	41	13,5		41	konglomerat	okrągła	beżowy	połysk			do samodzielnego montażu		nie	bez otworu na baterię	5 lat	5905488482452	należy dokupić osobno	41				
https://massi.pl/pl/umywalki-nablatowe/1379-1221-umywalka-nablatowa-kwadratowa-szara-40-cm-kera-grey-5905488482445.html#/45-wykonczenie-matowe	Umywalka nablatowa kwadratowa szara 40 cm KERA grey	580,00 zł		nablatowa		40 cm	12 cm	10 cm		konglomerat	kwadratowa	szary	mat		EASY CLEAN	do samodzielnego montażu		nie	bez otworu na baterię		5905488482445	należy dokupić osobno	40 cm			7 kg	wyprodukowano w Polsce
https://massi.pl/pl/umywalki-nablatowe/1377-1223-umywalka-nablatowa-kwadratowa-bezowa-40-cm-kera-beige-5905488482438.html#/45-wykonczenie-matowe	Umywalka nablatowa kwadratowa beżowa 40 cm KERA beige	580,00 zł		nablatowa		40 cm	12 cm	10 cm		konglomerat	kwadratowa	beżowy	połysk		EASY CLEAN	do samodzielnego montażu		nie	bez otworu na baterię		5905488482438	należy dokupić osobno	40 cm			7 kg	wyprodukowano w Polsce
https://massi.pl/pl/umywalki-nablatowe/1375-1227-umywalka-nablatowa-okragla-szara-33-cm-kana-glossy-grey-5905488482384.html#/45-wykonczenie-matowe	Umywalka nablatowa okrągła szara 33 cm KANA Glossy Grey	520,00 zł		nablatowa	30-39 cm	33	15		33	konglomerat	okrągła	szary	połysk			do samodzielnego montażu		nie	bez otworu na baterię	5 lat	5905488482384	należy dokupić osobno	33				wyprodukowano w Polsce
https://massi.pl/pl/umywalki-nablatowe/1372-1225-umywalka-nablatowa-okragla-bezowa-33-cm-kana-beige-5905488482377.html#/45-wykonczenie-matowe	Umywalka nablatowa okrągła beżowa 33 cm KANA beige	520,00 zł		nablatowa	30-39 cm	33	15		33	konglomerat	okrągła	beżowy	połysk			do samodzielnego montażu		nie	bez otworu na baterię	5 lat	5905488482377	należy dokupić osobno	33				wyprodukowano w Polsce
https://massi.pl/pl/umywalki-nablatowe/1370-1229-umywalka-nablatowa-okragla-szara-40-cm-kalmi-grey-5905488482346.html#/45-wykonczenie-matowe	Umywalka nablatowa okrągła szara 40 cm KALMI grey	570,00 zł		nablatowa	40-49 cm	40 cm	12 cm			konglomerat	kwadratowa	szary	połysk			do samodzielnego montażu		nie	bez otworu na baterię	5 lat	5905488482346	należy dokupić osobno	40 cm			7 kg	wyprodukowano w Polsce
https://massi.pl/pl/umywalki-nablatowe/1368-1231-umywalka-nablatowa-okragla-bezowa-40-cm-kalmi-beige-5905488482339.html#/45-wykonczenie-matowe	Umywalka nablatowa okrągła beżowa 40 cm KALMI beige	570,00 zł		nablatowa	40-49 cm	40 cm	12 cm			konglomerat	kwadratowa	beżowy	połysk			do samodzielnego montażu		nie	bez otworu na baterię	5 lat	5905488482339	należy dokupić osobno	40 cm			7 kg	wyprodukowano w Polsce
https://massi.pl/pl/umywalki-nablatowe/1257-umywalka-nablatowa-prostokatna-brazowa-60x40-cm-uno-4-mokka-matt-5905488480540.html	Umywalka nablatowa prostokątna brązowa 60x40 cm UNO 4 mokka matt	1 599,00 zł	SMART	nablatowa			15	12		ceramika	prostokątna	brązowy	mat	tak	EASY CLEAN			nie	bez otworu na baterię	5 lat (możliwość przedłużenia gwarancji do 10 lat)	5905488480540	należy dokupić osobno	40		60,5		
https://massi.pl/pl/umywalki-nablatowe/1256-umywalka-nablatowa-prostokatna-szara-60x40-cm-uno-4-shadow-matt-5905488480564.html	Umywalka nablatowa prostokątna szara 60x40 cm UNO 4 shadow matt	1 599,00 zł	MAGIA KOLORÓW	nablatowa			15	12		ceramika	prostokątna	szary	mat	tak	EASY CLEAN			nie	bez otworu na baterię	5 lat (możliwość przedłużenia gwarancji do 10 lat)	5905488480564	należy dokupić osobno	40		60,5		
https://massi.pl/pl/umywalki-nablatowe/1255-umywalka-nablatowa-prostokatna-niebieska-60x40-cm-uno-4-breeze-matt-5905488480519.html	Umywalka nablatowa prostokątna niebieska 60x40 cm UNO 4 breeze matt	1 599,00 zł	SMART	nablatowa	60-69 cm		15	12		ceramika	prostokątna	zielony	mat	tak	EASY CLEAN			nie	bez otworu na baterię	5 lat (możliwość przedłużenia gwarancji do 10 lat)	5905488480519	należy dokupić osobno	40		60,5		
https://massi.pl/pl/umywalki-nablatowe/1254-umywalka-nablatowa-prostokatna-rozowa-60x40-cm-uno-4-candy-matt-5905488480526.html	Umywalka nablatowa prostokątna różowa 60x40 cm UNO 4 candy matt	1 299,00 zł	SMART	nablatowa	60-69 cm		15	12		ceramika	prostokątna	różowy	mat	tak	EASY CLEAN			nie	bez otworu na baterię	5 lat (możliwość przedłużenia gwarancji do 10 lat)	5905488480526	należy dokupić osobno	40		60,5		
https://massi.pl/pl/umywalki-nablatowe/1247-umywalka-nablatowa-owalna-brazowa-60x40-cm-uno-3-mokka-matt-5905488480786.html	Umywalka nablatowa owalna brązowa 60x40 cm UNO 3 mokka matt	1 899,00 zł	UNO	nablatowa	60-69 cm		15	12		ceramika	owalna	brązowy	mat	tak	EASY CLEAN			nie	bez otworu na baterię	5 lat (możliwość przedłużenia gwarancji do 10 lat)	5905488480786	należy dokupić osobno	40		60		
https://massi.pl/pl/umywalki-nablatowe/1246-umywalka-nablatowa-owalna-szara-60x40-cm-uno-3-shadow-matt-5905488480816.html	Umywalka nablatowa owalna szara 60x40 cm UNO 3 shadow matt	1 899,00 zł	SIMPLE	nablatowa	60-69 cm		15	12		ceramika	owalna	szary	mat	tak	EASY CLEAN			nie	bez otworu na baterię	5 lat (możliwość przedłużenia gwarancji do 10 lat)	5905488480816	należy dokupić osobno	40		60		
https://massi.pl/pl/umywalki-nablatowe/1245-umywalka-nablatowa-owalna-niebieska-60x40-cm-uno-3-breeze-matt-5905488480755.html	Umywalka nablatowa owalna niebieska 60x40 cm UNO 3 breeze matt	1 899,00 zł	MAGIA KOLORÓW	nablatowa	60-69 cm		15	12		ceramika	owalna	zielony	mat	tak	EASY CLEAN			nie	bez otworu na baterię	5 lat (możliwość przedłużenia gwarancji do 10 lat)	5905488480755	należy dokupić osobno	40		60		
https://massi.pl/pl/umywalki-nablatowe/1244-umywalka-nablatowa-owalna-rozowa-60x40-cm-uno-3-candy-matt-5905488480762.html	Umywalka nablatowa owalna różowa 60x40 cm UNO 3 candy matt	1 890,00 zł	SIMPLE	nablatowa	60-69 cm		15	12		ceramika	owalna	różowy	mat	tak	EASY CLEAN			nie	bez otworu na baterię	5 lat (możliwość przedłużenia gwarancji do 10 lat)	5905488480762	należy dokupić osobno	40		60		
https://massi.pl/pl/umywalki-nablatowe/1237-umywalka-nablatowa-kwadratowa-brazowa-40x40-cm-uno-2-mokka-matt.html	Umywalka nablatowa kwadratowa brązowa 40x40 cm UNO 2 mokka matt	1 399,00 zł	SMART	nablatowa	40-49 cm		15	12		ceramika	kwadratowa	brązowy	mat	tak	EASY CLEAN			nie		5 lat (możliwość przedłużenia gwarancji do 10 lat)	5905488480601	należy dokupić osobno	40		40		
https://massi.pl/pl/umywalki-nablatowe/1236-umywalka-nablatowa-kwadratowa-szara-40x40-cm-uno-2-shadow-matt-5905488480496.html	Umywalka nablatowa kwadratowa szara 40x40 cm UNO 2 shadow matt	1 399,00 zł	MAGIA KOLORÓW	nablatowa	40-49 cm		15	12		ceramika	kwadratowa	szary	mat	tak	EASY CLEAN			nie	bez otworu na baterię	5 lat (możliwość przedłużenia gwarancji do 10 lat)	5905488480496	należy dokupić osobno	40		40		
https://massi.pl/pl/umywalki-nablatowe/1235-umywalka-nablatowa-kwadratowa-niebieska-40x40-cm-uno-2-breeze-matt-5905488480472.html	Umywalka nablatowa kwadratowa niebieska 40x40 cm UNO 2 breeze matt	1 399,00 zł	MAGIA KOLORÓW	nablatowa	40-49 cm		15	12		ceramika	kwadratowa	niebieski	mat	tak	EASY CLEAN			nie	bez otworu na baterię	5 lat (możliwość przedłużenia gwarancji do 10 lat)	5905488480472	należy dokupić osobno	40		40		
https://massi.pl/pl/umywalki-nablatowe/1234-umywalka-nablatowa-kwadratowa-rozowa-40x40-cm-uno-2-candy-matt-5905488480595.html	Umywalka nablatowa kwadratowa różowa 40x40 cm UNO 2 candy matt	1 399,00 zł	MAGIA KOLORÓW	nablatowa	40-49 cm		15	12		ceramika	kwadratowa	różowy	mat	tak	EASY CLEAN			nie	bez otworu na baterię	5 lat (możliwość przedłużenia gwarancji do 10 lat)	5905488480595	należy dokupić osobno	40		40		
https://massi.pl/pl/umywalki-nablatowe/1227-umywalka-nablatowa-okragla-brazowa-42-cm-uno-1-mokka-matt--5905488480687.html	Umywalka nablatowa okrągła brązowa 42 cm UNO 1 mokka matt	1 299,00 zł	CLASSIC	nablatowa	40-49 cm		15	12	42	ceramika	okrągła	brązowy	połysk	tak	EASY CLEAN	do samodzielnego montażu	w komplecie	nie	bez otworu na baterię	5 lat (możliwość przedłużenia gwarancji do 10 lat)	5905488480687	należy dokupić osobno					
https://massi.pl/pl/umywalki-nablatowe/1226-umywalka-nablatowa-okragla-szara-42-cm-uno-1-shadow-matt-.html	Umywalka nablatowa okrągła szara 42 cm UNO 1 shadow matt	1 299,00 zł	CLASSIC	nablatowa	40-49 cm		15	12	42	ceramika	okrągła	szary	połysk	tak	EASY CLEAN	do samodzielnego montażu	w komplecie	nie	bez otworu na baterię	5 lat (możliwość przedłużenia gwarancji do 10 lat)	5905488480717	należy dokupić osobno					
https://massi.pl/pl/umywalki-nablatowe/1225-umywalka-nablatowa-okragla-niebieska-42-cm-uno-1-breeze-matt-5905488480656.html	Umywalka nablatowa okrągła niebieska 42 cm UNO 1 breeze matt	1 299,00 zł	UNO	nablatowa	40-49 cm		15	12	42	ceramika	okrągła	niebieski	mat	tak	EASY CLEAN	do samodzielnego montażu	w komplecie	nie	bez otworu na baterię	5 lat (możliwość przedłużenia gwarancji do 10 lat)	5905488480656	należy dokupić osobno					
https://massi.pl/pl/umywalki-nablatowe/1224-umywalka-nablatowa-okragla-rozowa-42-cm-uno-1-candy-matt--5905488480663.html	Umywalka nablatowa okrągła różowa 42 cm UNO 1 candy matt	1 299,00 zł	CLASSIC	nablatowa	40-49 cm	42 cm	15	12	42	ceramika	okrągła	różowy	połysk	tak	EASY CLEAN	do samodzielnego montażu	w komplecie	nie	bez otworu na baterię	5 lat (możliwość przedłużenia gwarancji do 10 lat)	5905488480663	należy dokupić osobno					
https://massi.pl/pl/umywalki-blatowe/1187-umywalka-wpuszczana-w-blat-120-x-46-cm-klar-5902706789393.html	Umywalka wpuszczana w blat 120 x 46 cm KLAR	1 240,00 zł	CREATIVE	blatowa	110-120 cm		11 cm	9  cm		konglomerat	prostokątna	biały	połysk	nie				tak	z otworem na baterię	5 lat	5902706789393	należy dokupić osobno	46 cm		120 cm	45	wyprodukowano w Polsce
https://massi.pl/pl/umywalki-lazienkowe/1186-umywalka-wpuszczana-w-blat-100-x-46-cm-klar-5902706789447.html	Umywalka wpuszczana w blat 100 x 46 cm KLAR	890,00 zł	KONGLOMERAT	blatowa	100-109 cm		11 cm	9 cm		konglomerat	prostokątna	biały	połysk	nie				tak	z otworem na baterię	5 lat	5902706789447	należy dokupić osobno	46 cm		100 cm	20 kg	wyprodukowano w Polsce
https://massi.pl/pl/umywalki-blatowe/1185-umywalka-klar-wpuszczana-w-blat-80-x-46-cm-massi-5902706789461.html	Umywalka KLAR wpuszczana w blat 80 x 46 cm MASSI	840,00 zł	KONGLOMERAT	blatowa	80-89 cm		11 cm	9 cm		konglomerat	prostokątna	biały	połysk	nie				tak	z otworem na baterię	5 lat	5902706789461	należy dokupić osobno	46 cm		80 cm	35 kg	wyprodukowano w Polsce
https://massi.pl/pl/umywalki-blatowe/1184-umywalka-wpuszczana-w-blat-60-x-46-cm-klar-5902706789454.html	Umywalka wpuszczana w blat 60 x 46 cm KLAR	740,00 zł	KONGLOMERAT	blatowa	60-69 cm		11 cm	9 cm		konglomerat	prostokątna	biały	połysk	nie				tak	z otworem na baterię	5 lat	5902706789454	należy dokupić osobno	46 cm		60 cm	20 kg	wyprodukowano w Polsce
https://massi.pl/pl/umywalki-blatowe/1183-umywalka-wpuszczana-w-blat-nablatowa-100-x-45-cm-navi-5902706789409.html	Umywalka wpuszczana w blat-nablatowa 100 x 45 cm NAVI	841,50 zł	KONGLOMERAT	blatowa	100-109 cm		12,6 cm	8 cm		konglomerat	prostokątna	biały	połysk	nie				nie	z otworem na baterię	5 lat	5902706789409	należy dokupić osobno	45 cm		100 cm	35 kg	wyprodukowano w Polsce
https://massi.pl/pl/umywalki-blatowe/1182-umywalka-nablatowa-prostokatna-40-x-22-cm-navi-5902706789416.html	Umywalka nablatowa prostokątna 40 x 22 cm NAVI	254,15 zł	KONGLOMERAT	blatowa	40-49 cm		10 cm	7 cm		konglomerat	prostokątna	biały	połysk	nie				nie	z otworem na baterię	5 lat	5902706789416	należy dokupić osobno	22 cm		40 cm	20 kg	wyprodukowano w Polsce
https://massi.pl/pl/umywalki-blatowe/1181-umywalka-wpuszczana-blat-nablatowa-prostokatna-50-x-45-cm-navi-5902706789294.html	Umywalka wpuszczana blat - nablatowa prostokątna  50 x 45 cm NAVI	501,50 zł	CREATIVE	blatowa			13 cm	11 cm		konglomerat	prostokątna	biały	połysk	nie				nie	z otworem na baterię	5 lat	5902706789294	należy dokupić osobno	45 cm		50 cm	25 kg	wyprodukowano w Polsce
